이름,위치검색(주소),지역,대표메뉴,혼밥,메모
쿠쿠루 도톤보리 본점,たこ家道頓堀くくる 大阪,오사카,타코야키·아카시야키,○,이트인 좌석. 줄 빈번. 평일11:00~21:00/주말10:00~(L.O.20:30)
도톤보리 아카오니,道頓堀 赤鬼 大阪,오사카,타코야키(소스 선택형),◎,테이크아웃·간단좌석. 12:00~21:00
와나카 센니치마에 본점,たこ焼道楽わなか 大阪,오사카,타코야키,◎,이트인 약80석 혼밥 매우적합. 줄 끊이지않음. 월~금10~23시/주말8:30~. 무휴
코가류 아메리카무라 본점,甲賀流 大阪,오사카,타코야키(소스마요·네기폰),◎,테이크아웃 전문. 미슐랭 빕구르망. 평일·일10:30~20:30/토~21:30
미즈노,美津の 大阪,오사카,오코노미야키(야마이모야키),△,"카운터 철판석. 긴 대기·예약불가, 솔로 합석. 1945년 노포. 11~22시(L.O.21) 무휴"
오코노미야키 키지 본점,お好み焼 きじ 大阪,오사카,오코노미야키(모단야키),△,"약20석 소규모, 개점전 줄. ~21:30 L.O. ※일요일 휴무"
쿠시카츠 다루마 신세카이 총본점,元祖串かつだるま 大阪,오사카,쿠시카츠(소스 두번찍기 금지),◎,★카운터12석 혼밥최적. 1929년. 평일11~22:30/주말10:30~(L.O.22) 무휴
킨류 라멘 도톤보리점,金龍ラーメン 大阪,오사카,"라멘(돈코츠+닭뼈, 셀프토핑)",◎,24시간 영업·심야 가능. 줄 짧은 편
카무쿠라 도톤보리점,どうとんぼり神座 大阪,오사카,라멘(배추 듬뿍 깔끔국물),◎,카운터·회전빠름. 한국인 입맛. 본점11:00~익7:30
이치란 도톤보리 별관,一蘭 大阪,오사카,돈코츠 라멘(1인 칸막이석),◎,★1인 칸막이석 혼밥최적. 24시간(일부 한정). 줄 가능
지유켄 난바 본점,自由軒 大阪,오사카,명물 카레(드라이+날달걀),○,1910년 오사카 最古 양식당. 11~20시. ※월요일 휴무
인데안 카레 미나미점,インデアンカレー 大阪,오사카,인데안 카레(단→매운맛),◎,카운터석만 혼밥최적. 11~15:30/17~20시. ※수요일+연말연시 휴무
이마이 본점,道頓堀今井 大阪,오사카,"우동(키츠네우동, 다시명가)",○,11:30~21시. ※수요일+매월4째화 휴무
[참고] 카니도라쿠 도톤보리 본점,かに道楽 大阪,오사카,게 코스(움직이는 게 간판),△,코스·고가라 솔로 비추천. 명물 간판 사진 포인트. 11~22시
본가 제1아사히 타카바시 본점,本家第一旭 京都,교토,교토식 쇼유 라멘,◎,★1947년 노포. 1시간 대기 흔함. 6:00~익1:00. ※목요일 휴무
텐카잇핀 총본점,天下一品 京都,교토,코테리 라멘(진한 걸쭉),◎,체인 1호점. 11:00~익1:00. 무휴(1/1휴). 줄 가능
중화소바 타카야스,中華そば高安 京都,교토,돈코츠 라멘+거대 가라아게,◎,항상 행렬. 부정기 휴무. 가격 확인필요
카이,櫂 KAI 京都,교토,타코타마고(문어+메추리알 꼬치),◎,★서서먹는 길거리 혼밥완벽. 10~18시 부정기휴무
미키케이란,三木鶏卵 京都,교토,다시마키타마고(계란말이),◎,1923년 노포. 길거리. 약9~17시
콘나몬쟈,こんなもんじゃ 京都,교토,두유 도넛,◎,길거리 간식. 인근 카리카리박사 점보 다코야키 약 280~
본가 오와리야,本家尾張屋 京都,교토,니신소바(청어+교토다시),○,1465년 노포. ⚠본점 소바영업 장기휴업(2026.1~)·다카시마야점도 영업여부 방문 전 확인필수
교토 스탠드 키요키요,京都スタンドきよきよ 京都,교토,오반자이+입식 술집(니쿠자가),◎,★입식+카운터 혼술추천. 14시부터(낮술). 예약불필요
폰토초 스이신 본점,先斗町すいしん 京都,교토,교야사이+오반자이 모듬,○,폰토초 카운터석 많아 솔로 무난. 자릿세 확인
유도후 사가노,湯豆腐嵯峨野 京都,교토,유도후 코스(정원),△,"코스·고가, 솔로 사전전화(075-871-6946). 11:00~16:30"
아라시야마 갸아테이,嵐山ぎゃあてい 京都,교토,교토 오반자이 고젠(약30종),○,"카운터석. 가성비 점심. 11~14:30. ※수요일+부정기휴무, 점심만"
% 아라비카 교토 아라시야마,% ARABICA 京都,교토,스페셜티 커피(강변뷰),◎,테이크아웃. 8~18시. 30분~1h 대기→아침 권장
사료 츠지리 기온 본점,茶寮都路里 京都,교토,말차 파르페,○,카페 혼자편함. 10:30~20:30(L.O.19:30) 무휴. 점심 행렬→오전
히라소 나라점,柿の葉ずし平宗 奈良,나라,카키노하스시+차가유 세트,○,1861년 노포. 예약불가(대기). 본관11:30~20시. ※월요일 휴무
나카타니도,中谷堂 奈良,나라,요모기모찌(쑥떡)+초고속 떡치기,◎,★길거리 간식. 떡치기 시연 수시. 약10~19시(확인)
텐교쿠도 나라본점,吉野本葛天極堂 奈良,나라,쿠즈모찌·쿠즈키리(요시노 혼쿠즈),○,차분한 카페. 10:00~19:30(L.O.19). ※화요일 휴무
소면처 스루스루,そうめん処スルスル 奈良,나라,미와소면 창작(타이다시소면),○,마치야 개조. 점심만(평일11:30~/주말11~15시). ※일·월·화 휴무
카마메시 시즈카 공원점,釜めし志津香 奈良,나라,카마메시(직화 솥밥),○,"1959년. 점심 대기 김·예약불가. 평일11~15시/주말~16시. ※화요일+월1회, 점심만"
이자사 / 나카타니혼포,ゐざさ/中谷本舗 奈良,나라,카키노하스시(매점+식당),○,관광지 내 1인 자연스러움. 매점10~17시/식당11~17시
스테이크랜드 고베관,ステーキランド神戸館 神戸,고베,고베규 텟판야키(가성비),◎,★철판 카운터 솔로흔함. 예약 거의안받음·대기20~30분(평일점심·개점직후). 11~14시/17~21:30
모리야 본점,モーリヤ本店 神戸,고베,A5 고베규 텟판야키,○,1885년 노포. 개인손님 환영. 예약권장. 11~22시(L.O.21)
고베 플레지르 본점,神戸プレジール 神戸,고베,고베규·타지마규 텟판야키(JA직영),○,철판 카운터 코스. 예약권장(078-571-0141). ※월요일 휴무
와코쿠,ワッコク Wakkoqu 神戸,고베,고베규 텟판야키(명점),○,철판 카운터. 예약 강력권장. ⚠위치주의: 산노미야 아님(신코베/기타노)
고베규 킷쇼키치 산노미야점,神戸牛吉祥吉 神戸,고베,고베규 스테이크+함박·비프카츠카레,◎,★'혼자서도 편하게' 공식 명시. 10:30~21시(L.O.20:30) 무휴. 솔로 점심 추천
로쇼키,老祥記 神戸,고베,부타만(돼지고기 만두),◎,1915년 원조. 현금만. ⚠재건축 임시이전: 난킨마치 광장 건너 자매점 曹家包子館 운영(~2026.11경)·테이크아웃 중심. 평일 오전 한산
회전초밥 쿠라스시·스시로,くら寿司 道頓堀 大阪,오사카,회전초밥(터치패널),◎,터치패널 주문이라 직원 응대 최소·혼밥 최적. 가성비 스시 체인
야키니쿠 라이크,焼肉ライク 難波 大阪,오사카,1인 야키니쿠 정식,◎,1인 1철판 혼야키니쿠 전문. 빠르고 부담없음
홋쿄쿠세이 신사이바시 본점,北極星 心斎橋本店 大阪,오사카,오므라이스,○,1922년 오므라이스 발상지 노포. 다다미·정원
규카츠 모토무라,牛かつもと村 難波 大阪,오사카,규카츠(소고기카츠),◎,1인 돌판에 직접 구워먹는 레어 규카츠. 카운터석
텐동 마키노,天丼まきの 道頓堀 大阪,오사카,텐동·텐푸라,◎,갓 튀긴 텐동 가성비. 카운터 혼밥 편함
마루후쿠 커피점,丸福珈琲店 千日前本店 大阪,오사카,킷사텐 모닝·진한커피,◎,1934년 레트로 킷사텐. 핫케이크·모닝세트
이노다 커피 본점,イノダコーヒ本店 京都,교토,킷사텐 모닝·교토커피,○,1940년 교토 노포 킷사텐. 아침 커피 명소
카츠쿠라,かつくら 三条 京都,교토,돈카츠,○,교토 발상 돈카츠. 참깨 갈아 소스. 깔끔
마호로바 대불 푸딩,まほろば大仏プリン 奈良,나라,푸딩·디저트,◎,나라 명물 푸딩. 귀여운 대불 뚜껑. 테이크아웃
이스즈 베이커리,イスズベーカリー 三宮 神戸,고베,베이커리·빵,◎,1946년 고베 대표 빵집. 빵의 도시 고베 간편 한끼
